Campaign,Ad Group,Headline 1,Headline 2,Headline 3,Headline 4,Headline 5,Headline 6,Headline 7,Headline 8,Description 1,Description 2,Description 3,Description 4,Final URL
US - Search,Best AI Keyboard,The Best AI Keyboard,Made for iPhone,14 AI Writing Tools,3 Days Free · No Card,100K+ Users · 4.6 Stars,Works in Every App,Fix Grammar Change Tone,WhatsApp iMessage Mail,14 AI tools live inside your keyboard. Fix grammar change tone translate reply with AI in any app.,Join 100000+ iPhone users writing smarter every day. 60+ languages 3-day free trial.,Better than Grammarly. More than ChatGPT. Works on every iPhone iOS 15 and up.,Start free trial now. No payment info to start. Cancel in iPhone settings any time.,https://bestaikeyboard.com/
US - Search,Free AI Keyboard,Free AI Keyboard for iPhone,3 Days Free · Every Tool,No Card to Start,14 AI Tools Unlocked,100000+ Users on iPhone,Works in WhatsApp Mail,Cancel in 10 Seconds,Better Than Apple AI,3 days truly free. All 14 AI writing tools unlocked. Translation tone change AI replies.,No payment info required to start the trial. Apple handles billing through your Apple ID.,Works on iPhone 12 13 14 and Pro. Apple Intelligence needs 15 Pro. KeyAI works on every iPhone.,Loved by 100000+ iPhone users. 4.6 stars. 60+ keyboard layouts. Try it today.,https://bestaikeyboard.com/free-ai-keyboard/
US - Search,WhatsApp Intent,AI Keyboard for WhatsApp,Translate Reply Tone,14 AI Tools in Your Keyboard,Works in Every Chat App,Free for 3 Days,No Copy-Paste to ChatGPT,Built for iPhone Only,100K+ Active Users,Translate WhatsApp messages in 55+ languages without leaving the chat. Tone change replies grammar.,AI lives in your keyboard. No switching to ChatGPT. Works in WhatsApp iMessage Mail Notes.,3 days free with full access to every AI tool. Cancel anytime in iPhone settings.,The best AI keyboard for messaging. 60+ languages 4.6 stars 100000+ users.,https://bestaikeyboard.com/
US - Search,vs Grammarly,Better Than Grammarly,14 AI Tools Not Just Grammar,Translate 55 Languages,Tone Change Built In,AI Replies on iPhone,3 Days Free · No Card,iPhone Only iOS 15+,Compare KeyAI vs Grammarly,Grammarly fixes grammar. KeyAI fixes grammar plus 13 more AI tools — translation tone replies paraphrase.,No subscription to read. 3 days free trial. All features unlocked from day one.,Everything Grammarly Premium does plus translation in 55+ languages and AI replies.,See the side-by-side comparison. 100000+ users have already switched.,https://bestaikeyboard.com/vs/grammarly/
US - Search,vs ChatGPT,ChatGPT Inside Your Keyboard,No App Switching,AI Where You Type,WhatsApp iMessage Mail,Same Power Less Friction,3 Days Free · iPhone,14 AI Tools One Keyboard,100K+ iPhone Users,ChatGPT power in your keyboard. No leaving WhatsApp to ask AI. Type tap done.,14 AI tools work inside every app on iPhone. Translation tone replies grammar paraphrase.,Built for iPhone. iOS 15+. Free for 3 days. No card required to start the trial.,Loved by 100000+ iPhone users. 4.6 stars on the App Store.,https://bestaikeyboard.com/vs/chatgpt-keyboard/
US - Search,vs Apple Intelligence,Apple AI for iPhone 14 and Older,Works on Every iPhone,iOS 15+ Supported,14 AI Tools 60+ Languages,Translation Included,3 Days Free · No Card,iPhone Only,Beyond Apple Intelligence,Apple Intelligence only on iPhone 15 Pro. KeyAI works on iPhone 12 13 14 and Pro with iOS 15+.,60+ keyboard layouts plus translation between 55 languages — features Apple Intelligence does not have.,12 tone presets vs Apples 3. AI replies generated from context. Ask AI any question.,3-day free trial no card required. Cancel anytime in Apple ID subscriptions.,https://bestaikeyboard.com/vs/apple-intelligence/
DE - Search,Beste KI Tastatur,Die beste KI-Tastatur,Für iPhone gemacht,14 KI-Schreibwerkzeuge,3 Tage kostenlos,100K+ Nutzer · 4.6 Sterne,Funktioniert in jeder App,WhatsApp iMessage Mail,Grammatik Ton Übersetzung,14 KI-Tools in deiner Tastatur. Grammatik prüfen Tonfall ändern übersetzen und antworten — in jeder App.,Über 100.000 iPhone-Nutzer schreiben smarter. 60+ Sprachen 3 Tage kostenlos kein Kartenzwang.,Besser als Grammarly. Mehr als ChatGPT. Läuft auf jedem iPhone ab iOS 15.,Jetzt 3 Tage kostenlos testen. Keine Zahlungsinfo zum Start. Jederzeit kündbar.,https://bestaikeyboard.com/de/
DE - Search,ChatGPT Tastatur,ChatGPT in deiner Tastatur,Kein App-Wechsel,KI direkt beim Tippen,WhatsApp iMessage Mail,3 Tage kostenlos,iPhone Only,Auf Deutsch,14 KI-Tools eine Tastatur,Die Kraft von ChatGPT direkt in deiner iPhone-Tastatur. Tippen tippen fertig — kein App-Wechsel mehr.,14 KI-Tools direkt im Tippen. Grammatik Tonfall Übersetzung Antworten Paraphrase.,Für iPhone ab iOS 15. 3 Tage kostenlos. Keine Kreditkarte für die Testphase.,Über 100.000 zufriedene Nutzer. 4.6 Sterne im App Store.,https://bestaikeyboard.com/de/vs/chatgpt-keyboard/
DE - Search,WhatsApp Intent,KI-Tastatur für WhatsApp,Übersetzen direkt im Chat,KI antwortet auf Tipp,55+ Sprachen,Funktioniert in jedem Chat,3 Tage kostenlos,Für iPhone,100K+ Nutzer,WhatsApp-Nachrichten in 55+ Sprachen übersetzen ohne den Chat zu verlassen. Tonfall Antwort Grammatik.,KI lebt in deiner Tastatur. Kein Wechseln zu ChatGPT mehr. WhatsApp iMessage Mail Notizen.,3 Tage kostenlos volle Funktionen. Jederzeit kündbar in den iPhone-Einstellungen.,Die beste KI-Tastatur für Messenger. 60+ Sprachen 4.6 Sterne 100.000+ Nutzer.,https://bestaikeyboard.com/de/
BR - Search,Melhor Teclado IA,O melhor teclado IA,Feito para iPhone,14 ferramentas IA,3 dias grátis · Sem cartão,100K+ usuários · 4.6,Funciona em todo app,WhatsApp iMessage Mail,Gramática Tom Tradução,14 ferramentas IA dentro do seu teclado. Corrija gramática mude o tom traduza responda em qualquer app.,Junte-se a 100.000+ usuários iPhone escrevendo melhor todos os dias. 60+ idiomas 3 dias grátis.,Melhor que o Grammarly. Mais que o ChatGPT. Funciona em todo iPhone com iOS 15+.,Comece o teste grátis agora. Sem cartão para começar. Cancele nas configurações do iPhone.,https://bestaikeyboard.com/pt-br/
BR - Search,ChatGPT no Teclado,ChatGPT no seu teclado,Sem trocar de app,IA onde você digita,WhatsApp iMessage Mail,Mesmo poder menos trabalho,3 dias grátis · iPhone,14 ferramentas IA,100K+ usuários iPhone,Poder do ChatGPT no seu teclado. Sem sair do WhatsApp para pedir IA. Digite toque pronto.,14 ferramentas IA funcionam dentro de cada app no iPhone. Tradução tom respostas gramática paráfrase.,Feito para iPhone. iOS 15+. 3 dias grátis. Sem cartão para começar o teste.,Amado por 100.000+ usuários iPhone. 4.6 estrelas na App Store.,https://bestaikeyboard.com/pt-br/vs/chatgpt-keyboard/
BR - Search,WhatsApp Intent,IA no teclado do WhatsApp,Tradução direto no chat,IA responde em um toque,55+ idiomas,Funciona em todo chat,3 dias grátis,Para iPhone,100K+ usuários,Traduza mensagens do WhatsApp em 55+ idiomas sem sair do chat. Tom resposta gramática.,IA vive no seu teclado. Sem mais trocar para o ChatGPT. WhatsApp iMessage Mail Notas.,3 dias grátis acesso total. Cancele quando quiser nas configurações do iPhone.,O melhor teclado IA para mensagens. 60+ idiomas 4.6 estrelas 100.000+ usuários.,https://bestaikeyboard.com/pt-br/
FR - Search,Meilleur Clavier IA,Le meilleur clavier IA,Conçu pour iPhone,14 outils IA d écriture,3 jours gratuits · Sans CB,100K+ utilisateurs · 4.6,Marche dans toutes vos apps,WhatsApp iMessage Mail,Grammaire Ton Traduction,14 outils IA dans votre clavier. Corrigez la grammaire changez le ton traduisez et répondez avec IA.,Rejoignez 100 000+ utilisateurs iPhone qui écrivent plus intelligemment. 60+ langues 3 jours gratuits.,Mieux que Grammarly. Plus que ChatGPT. Fonctionne sur tout iPhone à partir d iOS 15.,Commencez votre essai gratuit. Aucune carte pour démarrer. Annulez dans les réglages iPhone.,https://bestaikeyboard.com/fr/
FR - Search,ChatGPT Clavier,ChatGPT dans votre clavier,Aucun changement d app,IA là où vous écrivez,WhatsApp iMessage Mail,Même puissance moins de friction,3 jours gratuits · iPhone,14 outils IA,100K+ utilisateurs iPhone,Puissance de ChatGPT dans votre clavier. Plus besoin de quitter WhatsApp pour demander à l IA.,14 outils IA fonctionnent dans chaque app sur iPhone. Traduction ton réponses grammaire paraphrase.,Conçu pour iPhone. iOS 15+. 3 jours gratuits. Aucune carte pour démarrer l essai.,Adoré par 100 000+ utilisateurs iPhone. 4.6 étoiles sur l App Store.,https://bestaikeyboard.com/fr/vs/chatgpt-keyboard/
