Keyword,Match Type
android,Broad
samsung,Broad
gboard,Broad
swiftkey,Broad
google keyboard,Phrase
windows,Broad
pc,Broad
mac,Broad
macos,Broad
laptop,Broad
desktop,Broad
hp,Broad
dell,Broad
lenovo,Broad
mechanical,Broad
mechanical keyboard,Phrase
wireless keyboard,Phrase
bluetooth keyboard,Phrase
gaming,Broad
gaming keyboard,Phrase
rgb,Broad
rgb keyboard,Phrase
physical keyboard,Phrase
keyboard cover,Phrase
keyboard case,Phrase
keyboard tray,Phrase
keyboard stand,Phrase
keyboard tester,Phrase
mod apk,Phrase
apk,Broad
cracked,Broad
hack,Broad
hacked,Broad
piano,Broad
piano keyboard,Phrase
midi,Broad
midi keyboard,Phrase
casio,Broad
music keyboard,Phrase
typing tutor,Phrase
typing speed,Phrase
typing test,Phrase
typing game,Phrase
job,Broad
jobs,Broad
career,Broad
salary,Broad
hire,Broad
hiring,Broad
free download,Phrase
torrent,Broad
download free,Phrase
reddit,Broad
youtube,Broad
review,Broad
reviews,Broad
tutorial,Broad
how to type,Phrase
how to use,Phrase
keyboard shortcuts,Phrase
keyboard layout,Phrase
arabic keyboard,Phrase
chinese keyboard,Phrase
japanese keyboard,Phrase
korean keyboard,Phrase
russian keyboard,Phrase
hindi keyboard,Phrase
emoji keyboard,Phrase
sticker keyboard,Phrase
fonts keyboard,Phrase
keyboard for kids,Phrase
braille,Broad
voice keyboard,Phrase
voice typing,Phrase
dictation,Broad
gif keyboard,Phrase
meme keyboard,Phrase
